label_id,class_name,before_count,after_count,keep_ratio
0,normal,14182,5492,0.3872514454942885
1,drowsy,14286,3606,0.252414951700966
2,sleepy,13812,8521,0.6169273095858674
